Timestamp,Agent,Component,Tool,Objective,Risk Score,Log
2025-04-10 03:12:14.454588,Governance Agent (LangChain),Ethical AI Audit,IBM Fairness 360, SHAP,Ensure unbiased models,9,[2025-04-10 03:12:14.454531] Governance Agent (LangChain) validating 'Ethical AI Audit' using IBM Fairness 360, SHAP... OK.
2025-04-10 03:12:14.454955,Security Agent (Elastic SIEM),API Auth,FIDO2, OAuth2.0,Zero-trust access,6,[2025-04-10 03:12:14.454898] Security Agent (Elastic SIEM) validating 'API Auth' using FIDO2, OAuth2.0... OK.
2025-04-10 03:12:14.455178,Cost Agent (Reinforcement Learning),Cost Management,K8s Vertical Pod Autoscaler,Auto-scale resources,2,[2025-04-10 03:12:14.455145] Cost Agent (Reinforcement Learning) validating 'Cost Management' using K8s Vertical Pod Autoscaler... OK.
2025-04-10 03:12:15.458477,Governance Agent (LangChain),Ethical AI Audit,IBM Fairness 360, SHAP,Ensure unbiased models,10,[2025-04-10 03:12:15.458115] Governance Agent (LangChain) validating 'Ethical AI Audit' using IBM Fairness 360, SHAP... OK.
2025-04-10 03:12:15.460313,Security Agent (Elastic SIEM),API Auth,FIDO2, OAuth2.0,Zero-trust access,5,[2025-04-10 03:12:15.460119] Security Agent (Elastic SIEM) validating 'API Auth' using FIDO2, OAuth2.0... OK.
2025-04-10 03:12:15.461116,Cost Agent (Reinforcement Learning),Cost Management,K8s Vertical Pod Autoscaler,Auto-scale resources,2,[2025-04-10 03:12:15.460929] Cost Agent (Reinforcement Learning) validating 'Cost Management' using K8s Vertical Pod Autoscaler... OK.
2025-04-10 03:12:16.463928,Governance Agent (LangChain),Ethical AI Audit,IBM Fairness 360, SHAP,Ensure unbiased models,11,[2025-04-10 03:12:16.463547] Governance Agent (LangChain) validating 'Ethical AI Audit' using IBM Fairness 360, SHAP... OK.
2025-04-10 03:12:16.465970,Security Agent (Elastic SIEM),API Auth,FIDO2, OAuth2.0,Zero-trust access,5,[2025-04-10 03:12:16.465764] Security Agent (Elastic SIEM) validating 'API Auth' using FIDO2, OAuth2.0... OK.
2025-04-10 03:12:16.466805,Cost Agent (Reinforcement Learning),Cost Management,K8s Vertical Pod Autoscaler,Auto-scale resources,2,[2025-04-10 03:12:16.466615] Cost Agent (Reinforcement Learning) validating 'Cost Management' using K8s Vertical Pod Autoscaler... OK.
2025-04-10 03:15:13.071871,Governance Agent (LangChain),Ethical AI Audit,IBM Fairness 360, SHAP,Ensure unbiased models,10,[2025-04-10 03:15:13.071811] Governance Agent (LangChain) validating 'Ethical AI Audit' using IBM Fairness 360, SHAP... OK.
2025-04-10 03:15:13.072210,Security Agent (Elastic SIEM),API Auth,FIDO2, OAuth2.0,Zero-trust access,4,[2025-04-10 03:15:13.072167] Security Agent (Elastic SIEM) validating 'API Auth' using FIDO2, OAuth2.0... OK.
2025-04-10 03:15:13.072415,Cost Agent (Reinforcement Learning),Cost Management,K8s Vertical Pod Autoscaler,Auto-scale resources,3,[2025-04-10 03:15:13.072382] Cost Agent (Reinforcement Learning) validating 'Cost Management' using K8s Vertical Pod Autoscaler... OK.
2025-04-10 03:15:14.074902,Governance Agent (LangChain),Ethical AI Audit,IBM Fairness 360, SHAP,Ensure unbiased models,10,[2025-04-10 03:15:14.074516] Governance Agent (LangChain) validating 'Ethical AI Audit' using IBM Fairness 360, SHAP... OK.
2025-04-10 03:15:14.076488,Security Agent (Elastic SIEM),API Auth,FIDO2, OAuth2.0,Zero-trust access,4,[2025-04-10 03:15:14.076272] Security Agent (Elastic SIEM) validating 'API Auth' using FIDO2, OAuth2.0... OK.
2025-04-10 03:15:14.077452,Cost Agent (Reinforcement Learning),Cost Management,K8s Vertical Pod Autoscaler,Auto-scale resources,2,[2025-04-10 03:15:14.077296] Cost Agent (Reinforcement Learning) validating 'Cost Management' using K8s Vertical Pod Autoscaler... OK.
2025-04-10 03:15:15.079993,Governance Agent (LangChain),Ethical AI Audit,IBM Fairness 360, SHAP,Ensure unbiased models,10,[2025-04-10 03:15:15.079511] Governance Agent (LangChain) validating 'Ethical AI Audit' using IBM Fairness 360, SHAP... OK.
2025-04-10 03:15:15.081914,Security Agent (Elastic SIEM),API Auth,FIDO2, OAuth2.0,Zero-trust access,5,[2025-04-10 03:15:15.081775] Security Agent (Elastic SIEM) validating 'API Auth' using FIDO2, OAuth2.0... OK.
2025-04-10 03:15:15.082506,Cost Agent (Reinforcement Learning),Cost Management,K8s Vertical Pod Autoscaler,Auto-scale resources,3,[2025-04-10 03:15:15.082371] Cost Agent (Reinforcement Learning) validating 'Cost Management' using K8s Vertical Pod Autoscaler... OK.
2025-04-10 03:19:57.038495,Governance Agent (LangChain),Ethical AI Audit,IBM Fairness 360, SHAP,Ensure unbiased models,11,[2025-04-10 03:19:57.038435] Governance Agent (LangChain) validating 'Ethical AI Audit' using IBM Fairness 360, SHAP... OK.
2025-04-10 03:19:57.038879,Security Agent (Elastic SIEM),API Auth,FIDO2, OAuth2.0,Zero-trust access,6,[2025-04-10 03:19:57.038822] Security Agent (Elastic SIEM) validating 'API Auth' using FIDO2, OAuth2.0... OK.
2025-04-10 03:19:57.039150,Cost Agent (Reinforcement Learning),Cost Management,K8s Vertical Pod Autoscaler,Auto-scale resources,2,[2025-04-10 03:19:57.039070] Cost Agent (Reinforcement Learning) validating 'Cost Management' using K8s Vertical Pod Autoscaler... OK.
2025-04-10 03:19:58.042387,Governance Agent (LangChain),Ethical AI Audit,IBM Fairness 360, SHAP,Ensure unbiased models,11,[2025-04-10 03:19:58.041790] Governance Agent (LangChain) validating 'Ethical AI Audit' using IBM Fairness 360, SHAP... OK.
2025-04-10 03:19:58.045903,Security Agent (Elastic SIEM),API Auth,FIDO2, OAuth2.0,Zero-trust access,7,[2025-04-10 03:19:58.045550] Security Agent (Elastic SIEM) validating 'API Auth' using FIDO2, OAuth2.0... OK.
2025-04-10 03:19:58.047837,Cost Agent (Reinforcement Learning),Cost Management,K8s Vertical Pod Autoscaler,Auto-scale resources,2,[2025-04-10 03:19:58.047540] Cost Agent (Reinforcement Learning) validating 'Cost Management' using K8s Vertical Pod Autoscaler... OK.
2025-04-10 03:19:59.051588,Governance Agent (LangChain),Ethical AI Audit,IBM Fairness 360, SHAP,Ensure unbiased models,11,[2025-04-10 03:19:59.050955] Governance Agent (LangChain) validating 'Ethical AI Audit' using IBM Fairness 360, SHAP... OK.
2025-04-10 03:19:59.055217,Security Agent (Elastic SIEM),API Auth,FIDO2, OAuth2.0,Zero-trust access,7,[2025-04-10 03:19:59.054761] Security Agent (Elastic SIEM) validating 'API Auth' using FIDO2, OAuth2.0... OK.
2025-04-10 03:19:59.056872,Cost Agent (Reinforcement Learning),Cost Management,K8s Vertical Pod Autoscaler,Auto-scale resources,2,[2025-04-10 03:19:59.056570] Cost Agent (Reinforcement Learning) validating 'Cost Management' using K8s Vertical Pod Autoscaler... OK.
2025-04-10 04:45:35.346016,Governance Agent (LangChain),Ethical AI Audit,IBM Fairness 360, SHAP,Ensure unbiased models,12,[2025-04-10 04:45:35.345878] Governance Agent (LangChain) validating 'Ethical AI Audit' using IBM Fairness 360, SHAP... OK.
2025-04-10 04:45:35.346950,Security Agent (Elastic SIEM),API Auth,FIDO2, OAuth2.0,Zero-trust access,8,[2025-04-10 04:45:35.346884] Security Agent (Elastic SIEM) validating 'API Auth' using FIDO2, OAuth2.0... OK.
2025-04-10 04:45:35.347342,Cost Agent (Reinforcement Learning),Cost Management,K8s Vertical Pod Autoscaler,Auto-scale resources,2,[2025-04-10 04:45:35.347285] Cost Agent (Reinforcement Learning) validating 'Cost Management' using K8s Vertical Pod Autoscaler... OK.
2025-04-10 04:45:35.347754,Governance Agent (LangChain),Ethical AI Audit,IBM Fairness 360, SHAP,Ensure unbiased models,13,[2025-04-10 04:45:35.347697] Governance Agent (LangChain) validating 'Ethical AI Audit' using IBM Fairness 360, SHAP... OK.
2025-04-10 04:45:35.348131,Security Agent (Elastic SIEM),API Auth,FIDO2, OAuth2.0,Zero-trust access,8,[2025-04-10 04:45:35.348079] Security Agent (Elastic SIEM) validating 'API Auth' using FIDO2, OAuth2.0... OK.
2025-04-10 04:45:35.348482,Cost Agent (Reinforcement Learning),Cost Management,K8s Vertical Pod Autoscaler,Auto-scale resources,2,[2025-04-10 04:45:35.348432] Cost Agent (Reinforcement Learning) validating 'Cost Management' using K8s Vertical Pod Autoscaler... OK.
2025-04-10 04:45:35.348894,Governance Agent (LangChain),Ethical AI Audit,IBM Fairness 360, SHAP,Ensure unbiased models,13,[2025-04-10 04:45:35.348844] Governance Agent (LangChain) validating 'Ethical AI Audit' using IBM Fairness 360, SHAP... OK.
2025-04-10 04:45:35.349318,Security Agent (Elastic SIEM),API Auth,FIDO2, OAuth2.0,Zero-trust access,7,[2025-04-10 04:45:35.349267] Security Agent (Elastic SIEM) validating 'API Auth' using FIDO2, OAuth2.0... OK.
2025-04-10 04:45:35.349663,Cost Agent (Reinforcement Learning),Cost Management,K8s Vertical Pod Autoscaler,Auto-scale resources,2,[2025-04-10 04:45:35.349614] Cost Agent (Reinforcement Learning) validating 'Cost Management' using K8s Vertical Pod Autoscaler... OK.
